Kristen Torres,2004-04-13,Engineering,1942-06-06

Crystal Jackson,2011-07-21,Finance,2003-06-24

Morgan Brooks,2000-06-05,Finance,1994-07-29

Michael Carlson,2002-03-23,Finance,1940-10-10

Cheryl Guerra,1995-02-09,Engineering,1929-10-15

Pamela Conner,1999-09-03,HR,1963-01-18

Mr. Lucas Hall,2004-02-27,Engineering,1947-07-04

Annette Ramirez,2007-06-14,IT,1945-05-12

Vickie Cantu,2018-07-29,R&D,1981-02-22

Kenneth Acevedo,1996-05-04,IT,1979-12-19

Jorge Mathews,2008-02-11,R&D,1984-05-30

Jeffrey Sanchez,2003-04-20,Engineering,2015-01-24

Kevin Rodriguez,2007-11-17,Finance,2007-08-31

Juan Franco,2021-10-12,HR,2019-08-25

Patricia Potts,2010-11-02,HR,1998-09-08

Stephanie Nelson,1998-07-13,HR,1984-03-29

Jose Mullins,2004-07-01,Finance,1960-11-24

Cynthia Young,2005-02-02,Finance,1923-06-12

James Munoz,2001-01-23,R&D,1961-08-10

Lisa Schneider,2022-08-24,R&D,1928-08-03

Jack Russell,2022-04-28,HR,1990-03-23

Melissa Campbell,2019-08-18,HR,1967-05-28

Betty Levy,1997-04-19,HR,1970-10-25

Jessica Reyes,1994-07-04,HR,1946-09-01

Richard Dunn,1995-06-15,Finance,1916-06-15

Erik Odonnell,2011-04-28,R&D,2023-05-31

Karen Hayden,2016-10-25,HR,1928-07-27

Alexander Williams,1996-03-25,HR,1967-11-12

Meagan Lyons,2020-02-28,Engineering,1909-02-26

James Patterson,2000-06-28,Finance,2009-10-04

Antonio Humphrey,2000-02-18,R&D,1987-12-08

Ashley Lopez,2013-03-05,IT,1995-02-21

Mark Schmidt,2005-05-16,Engineering,1962-06-08

Sharon Waters,2018-03-20,Finance,2005-02-09

John Webb,2018-09-14,Finance,2005-09-30

Amy Duran,2016-09-05,Finance,1972-01-25

Frances Salinas,2016-06-04,IT,1936-06-17

Denise Perez,1995-07-13,IT,1965-04-18

Matthew Mccall,2000-04-19,HR,1927-03-29

Cynthia Lee,2022-05-19,IT,1964-09-19

Benjamin Kennedy,2018-08-30,Finance,1939-03-18

Kelly Butler,2020-01-19,Finance,1992-05-29

Crystal Scott,2021-05-06,Engineering,1993-03-02

Molly Berry,2009-11-23,R&D,1985-01-13

Ruth Romero,2009-03-01,Engineering,1923-12-26

Kimberly Moore,1997-11-09,Engineering,1987-02-21

Ryan Stephenson,1999-10-15,Engineering,2001-08-29

Alyssa Brown,1998-03-25,Finance,2014-07-08

Kirk Johnson,1997-05-20,R&D,1978-09-12

Christina Stanton,2016-06-23,Engineering,1962-07-09

Crystal Jackson,2017-01-13,R&D,2013-05-03

Amber French,2006-12-06,Finance,1946-08-15

Deborah Ross,2010-08-09,Engineering,1950-03-16

Edward Aguirre,1995-01-27,IT,1937-05-08

Justin Reyes,2010-08-13,HR,1924-01-20

Jasmine Brown,2014-05-30,R&D,1954-11-27

Renee Cardenas,2015-10-17,IT,2011-09-18

Dennis Carter,1999-02-25,HR,2011-03-27

Jesus Lewis,2011-05-29,R&D,1996-05-25

Lawrence Santos,2001-08-14,IT,2008-03-29

Ralph Warren,1997-04-30,HR,2018-08-02

Robert Tucker,2002-07-28,R&D,1932-08-04

Thomas Freeman,2013-09-26,HR,1920-05-12

Emily Hunter,2008-10-01,R&D,1993-02-24

Steven Steele,1998-01-28,IT,1954-01-04

Seth Christian,2016-07-22,R&D,2012-12-13

Roy Grimes,1997-09-14,Finance,1969-05-06

Christopher Huang,2004-04-18,HR,2019-10-25

Miguel Lopez,2009-09-03,IT,1913-09-03

Todd Grant,2016-10-30,Engineering,2015-04-22

James Morgan,2008-12-15,R&D,1960-07-09

Lori Edwards,2017-03-08,Finance,1984-04-20

Thomas Ortiz,2003-10-08,HR,1914-08-02

Mary Brown,2009-01-12,Engineering,1990-01-07

Brandi Carter,2014-03-02,IT,2011-05-31

Alicia Maxwell,2017-11-19,R&D,1919-02-28

Mariah Tate,2015-12-17,IT,1994-03-21

Mathew Spencer,2005-08-24,R&D,1921-06-25

Nathaniel Griffin,2008-05-26,HR,1973-04-21

Donald Miranda,2005-01-05,R&D,1926-01-09

Sharon Hill,2014-03-17,Finance,1979-06-27

Kevin Lane,2019-07-28,R&D,1937-07-11

John Medina,2023-12-27,Finance,1921-03-04

Mark Lopez,2007-11-23,Finance,1972-08-14

Christopher Rodriguez,1999-08-13,Finance,1969-05-09

Nicholas Cook,2018-06-02,R&D,1988-10-03

Timothy Butler,2009-01-08,R&D,1938-03-16

Tony Berry,2018-01-22,Finance,2016-08-10

Christian Ryan,1998-01-01,IT,1935-01-09

Nathan Davis,2018-04-27,IT,1923-10-06

Brian Moore,2015-09-18,IT,1911-03-18

Jose Chan,2017-02-03,IT,2012-09-02

Dustin Myers,2007-03-05,IT,1993-07-13

Daniel Willis,2010-05-24,Finance,2018-05-16

Ricky Hernandez,2020-01-24,IT,1928-04-13

Beth Berry MD,2016-03-11,HR,1966-01-01

Brandi Smith,2016-11-02,Engineering,1999-04-07

Renee Wheeler,2000-02-02,R&D,1958-04-26

Mary Moore DVM,1994-09-14,R&D,1942-01-31

Madison Richardson,2001-02-21,Finance,1951-08-02

Autumn Kaiser,2000-01-15,IT,1960-09-11

Scott Meyer,2018-05-25,IT,1961-07-16

Shelly Nichols,2016-07-06,IT,1912-08-10

Travis Russell,2004-09-10,Finance,1980-10-23

Samantha Drake,2020-06-21,IT,1973-07-03

Daniel Smith,1995-02-17,Engineering,1986-01-23

Gina Fuentes,1994-07-26,Engineering,2019-06-18

Ashley Valdez,2007-08-12,Engineering,2023-05-31

Sara Li,2017-11-24,HR,1994-10-29

Sharon Harper,2012-01-06,R&D,1929-03-28

Aimee Williams,2007-11-05,R&D,1951-05-09

Michael Brewer,2009-12-11,IT,1994-02-12

Kelly Simpson,2007-08-23,Engineering,1949-12-06

Andrew Hughes,2019-12-08,R&D,1994-01-06

Rebekah Schmidt,2007-06-26,HR,2009-04-03

Anthony Swanson,2000-02-15,HR,1911-10-19

Tyrone King,2015-03-11,HR,1960-11-16

Anita Spencer,2004-03-21,Engineering,1956-05-28

Shelby Rogers,2021-11-18,Engineering,1933-11-24

Sara Gibson,2001-03-11,Finance,1947-12-23

Catherine Cunningham,2014-12-05,HR,1940-09-22

Amber Myers,2016-12-17,HR,1996-04-15

Nancy Cook,2021-07-14,Finance,1977-04-20

Kimberly Hernandez,2014-01-17,Engineering,1909-06-12

Megan Weaver,2022-05-01,Finance,1991-06-13

David Alvarez,2012-11-03,Engineering,1939-10-26

Lisa Brewer,2006-11-17,R&D,1992-09-09

Jennifer Robinson,2021-03-17,IT,1990-11-11

Paul Johnson,2005-11-30,Engineering,1984-03-22

Amber Washington,2006-04-06,R&D,1915-10-21

Timothy Vargas,1997-07-11,Finance,1908-03-07

Richard Gordon,2018-12-05,Finance,1971-01-15

Nicholas Bailey,2007-10-27,IT,1997-11-22

Stacey Cole,2017-12-16,R&D,1947-11-05

Rodney Knapp,2004-03-05,R&D,1971-09-28

John Hall,2015-09-20,Engineering,1953-09-22

Keith Bell,2004-01-24,HR,1942-06-12

Laura Ferguson,2010-10-08,Engineering,1990-05-08

Debbie Harvey,2014-08-19,IT,1955-05-29

Michelle Salazar,1995-02-03,HR,2002-01-29

Michelle Brown,2017-04-19,Finance,1976-01-30

Tyler Moran IV,2005-11-29,Engineering,1957-11-13

Alexandra Bauer,2022-05-30,Engineering,1978-11-28

Allen Goodwin,2006-01-28,R&D,1947-11-07

Alexandra Gutierrez,1999-10-17,Engineering,1947-09-25

Mr. Joshua Spencer,1999-05-04,HR,2009-03-15

Megan York,2021-01-02,HR,1926-05-01

Michael Anderson,2007-01-03,R&D,2013-01-20

Julie Patton,2021-02-11,IT,2018-01-28

James Griffin,1997-12-28,Finance,1937-03-15

Paul Gill,2013-03-19,HR,1985-07-12

Joseph Mason,2007-11-25,Finance,1957-09-26

Jacob Smith,2000-04-07,IT,1976-01-17

Diamond Avila,2001-04-18,HR,1981-07-15

Jeanette Burns DDS,2019-05-31,Engineering,1961-10-17

Toni Vasquez,2017-01-12,HR,1998-07-13

Stephanie Kent,2001-06-13,Engineering,1960-05-10

Cindy Evans,2008-01-30,R&D,1975-12-13

Jasmine Mitchell,2023-06-08,Finance,1985-10-07

Matthew Raymond,2012-01-20,R&D,1965-05-16

Craig Smith Jr.,2007-04-09,Finance,1935-06-30

Christopher Powell,2000-09-01,R&D,1966-05-12

Kristin Bailey,2017-08-09,R&D,2010-08-25

Meredith Clark,2010-06-21,IT,2020-03-07

Keith Wong,1995-07-02,IT,1951-01-09

Daniel Smith,2017-07-03,Engineering,1927-03-16

Manuel Benson,1999-12-19,R&D,2011-05-30

Keith Jenkins,1997-09-19,IT,1989-08-04

Bradley Robertson,2024-02-12,Finance,1980-04-01

Tammy Reed,2000-08-27,HR,1972-02-24

Tamara Miller,1994-09-30,HR,1934-01-12

Lisa Turner,2015-07-05,IT,1940-05-31

Heather Santos,2014-04-21,R&D,1945-03-24

James Evans,2011-12-18,HR,1978-01-22

Wendy Long,2022-03-29,IT,1936-05-21

Jacqueline Harmon,2012-02-07,IT,1911-01-07

Linda Johnson,2001-05-06,R&D,2019-12-15

Vincent Avila,2012-07-22,Engineering,2023-12-01

Danielle Allen,1999-01-17,R&D,1997-06-04

Felicia Carey,2002-06-06,R&D,2004-09-17

Larry Kane,2015-02-04,Engineering,1940-05-19

Adam Johnson,2015-08-23,Finance,1923-05-31

Brittany Hunter,2005-08-10,IT,2005-02-21

Alexandra Rocha,2002-06-21,R&D,1954-12-26

Briana Yang,1999-05-21,Engineering,1917-12-11

Donna Burke,2011-04-09,Finance,1946-08-14

Roger Soto,1998-07-20,Engineering,1913-10-22

Courtney Walker,1995-12-31,R&D,1919-07-02

Carrie Reyes,2001-04-02,Engineering,1922-03-24

Brian Thomas,2014-05-16,Engineering,1982-02-07

Vanessa Bennett,2008-09-11,Engineering,1939-12-01

Todd Fischer,2009-03-24,IT,1951-11-02

Shelia Cabrera,2021-01-07,Engineering,1993-06-26

Kimberly Miller,2000-05-01,R&D,1999-01-25

Martha Johnson,2022-12-04,HR,1983-10-24

Pam Waller,2021-04-21,HR,1991-07-02

Ann Jones,2001-03-27,R&D,1956-07-04

Daniel James,2022-10-27,Engineering,1930-09-28

Eric Chavez,2005-10-18,HR,1998-09-13

Tammy Huffman,1998-06-12,HR,2022-01-22

Alexander Lewis,2002-12-27,HR,2008-09-03

Kristin Waters,2018-12-19,R&D,1972-03-17

Gregory Porter,2022-02-11,HR,1986-06-12

Clayton King,1999-03-15,R&D,1973-11-12

Tiffany Banks,2003-11-01,Finance,2010-05-29

Jessica Brown,1998-01-01,R&D,2023-07-05

Patrick Tate,2006-06-11,HR,1973-05-23

David Clark,2018-08-13,R&D,2006-01-21

Gary Reynolds,2015-04-24,Engineering,1916-07-17

John Aguilar Jr.,2012-11-14,R&D,1933-04-09

Dean Mason,2009-07-02,Finance,2009-07-16

Denise Martin,2020-12-29,Engineering,1964-11-06

Ryan Harrison,2014-02-24,Engineering,1953-04-08

George Palmer,2011-12-18,IT,1944-06-19

Jennifer Reynolds,1996-10-17,IT,1998-11-04

Albert Barker,2012-10-25,Finance,1990-01-31

Kaitlyn Anthony,2014-03-06,R&D,1952-03-30

Lori Avery DDS,1994-06-07,Engineering,1958-10-12

Edwin Hernandez,2011-09-10,Finance,2001-11-14

Anna Mendez,2019-03-23,IT,1937-04-14

Kurt Bell,2021-04-20,R&D,1970-12-20

Daniel Norris,2007-11-14,R&D,2007-03-17

Joshua Fisher,1994-04-02,Engineering,1912-11-15

David White,2016-05-28,Finance,1998-01-11

Kelly Hamilton,2019-05-21,R&D,1944-02-12

Mary Bernard,1999-09-19,HR,2007-05-20

Nicole Sheppard,2002-10-06,HR,1911-08-22

Felicia Owen,2003-12-17,R&D,2005-07-07

Juan Davis,2016-01-08,Engineering,2005-10-30

Chad Wilson,1995-08-16,Engineering,1983-02-12

Kevin Wheeler,2014-02-24,R&D,1975-08-18

Elizabeth Williams,2018-12-06,HR,1964-01-31

Larry Hoffman,1994-12-18,Finance,2013-08-27

Dennis Acosta,2007-02-17,Engineering,1956-05-03

Joshua Ritter,2004-03-05,Engineering,1946-01-12

Brett Fisher,2014-09-12,Engineering,1931-08-20

Eric Smith,1994-03-02,IT,1986-11-26

Jacob Stewart,1998-05-22,HR,1952-08-04

Raymond Martinez,2019-09-23,Engineering,1977-05-14

Linda Hernandez,2005-07-23,Engineering,2022-12-01

Monica Paul,2010-10-27,HR,1963-04-17

Matthew Walker,2010-06-08,Finance,1960-11-12

Colleen Morris,2009-01-06,Finance,1980-04-09

Kelly Stein,2015-07-17,Finance,1930-08-25

Linda Underwood,2013-11-04,Engineering,1970-09-11

Nicholas Watson,2010-08-09,HR,1960-05-12

Daniel Meyer,2015-04-03,R&D,1983-12-02

Richard Jones,2019-07-23,IT,1936-02-09

Briana Rodriguez,2006-09-10,IT,1971-03-18

Sheila Ellison,1997-12-11,Finance,1994-05-29

Robert Patton,2011-09-04,Engineering,1993-09-27

Craig Perez,2007-09-24,Engineering,2022-08-24

Susan Gilbert,2002-03-18,IT,1961-10-04

Lauren Davis,2021-03-08,R&D,1956-06-25

Matthew Rodriguez,2012-01-15,Engineering,1963-11-08

Ashley Garza,2021-06-01,Engineering,1971-02-01

Grant Taylor,2020-01-13,HR,1981-01-23

Troy Schultz,2010-08-22,IT,1994-09-11

Jacob Ross,2019-11-24,Engineering,1928-08-28

Sierra Travis,1999-02-02,R&D,1978-08-22

Keith Powell,1995-09-20,IT,1922-03-26

Kristen Carroll,2022-05-20,Finance,1924-05-28

Johnny Chavez,2016-07-23,Finance,1962-09-12

Dana Long,2023-08-20,HR,2007-01-12

Andrea Cook,2017-01-06,HR,1939-06-06

Kenneth Mann,2022-08-07,Finance,1970-12-18

Charles Wang,2022-01-22,R&D,1943-11-23

Stephanie Gonzalez,2001-03-20,HR,1953-05-03

Leslie Fleming,2009-04-03,HR,2018-05-28

Cody Butler,1997-06-16,HR,2005-07-25

Dustin Schultz,2011-06-24,Finance,1934-07-03

Kenneth Levine,2018-03-04,R&D,2005-07-14

Alexandra Lopez,2007-05-18,IT,1926-12-11

Patrick Sloan,2003-06-24,R&D,1929-09-30

Megan Mills,2000-12-10,Finance,1963-01-27

Jennifer Robinson,1996-03-24,Finance,1935-05-02

Randy Bennett,2004-09-27,HR,1992-03-05

David Smith,2006-02-27,Finance,1996-05-18

Nicholas Pope,2022-09-29,R&D,1931-06-13

Stacy Jimenez,2013-07-21,R&D,1958-02-20

Jessica Gomez,1996-02-22,Engineering,2008-01-16

Rita Thompson,1999-02-03,R&D,2005-12-13

Valerie Lewis,2017-08-01,Engineering,1933-06-10

William Smith,1996-09-21,Engineering,1943-06-19

Alexander Smith,1994-07-17,Finance,1928-04-30

Sean Marsh,2003-12-18,HR,1960-12-17

Tiffany Faulkner,1995-09-21,Engineering,1939-12-20

Aaron Wells,2014-07-04,IT,1966-01-03

Charles Schmidt,2009-08-20,IT,1964-11-04

Timothy Thomas,2017-12-19,HR,1909-01-01

Jonathan White,2010-07-10,IT,1980-10-30

Candice Maldonado,2013-12-05,Engineering,1917-12-09

Christopher Peterson,2000-11-23,Finance,1989-09-01

Alexis Garcia,2015-04-12,IT,1928-08-31

Andrew Chavez,1994-10-16,Engineering,1976-06-26

Ryan Jones,2016-05-05,HR,1931-10-11

Mariah Goodwin,2009-08-03,IT,2006-03-21

Jennifer Christian,2009-04-30,HR,1981-02-12

Denise Johnson,1997-02-24,Finance,1939-01-31

Jim Garcia,1999-01-30,Finance,1950-01-11

Amanda Ford,1996-09-24,IT,1982-08-24

Keith Schmidt,2006-01-03,IT,1939-07-23

Hannah Evans,1999-07-23,HR,1987-02-11

Daniel Powell,1997-09-13,R&D,1948-03-18

Christopher Lopez,2021-02-01,IT,1973-05-11

Aaron Hernandez,2002-05-03,R&D,2020-03-31

Isaac Phillips,2006-08-11,IT,1908-03-10

Stephanie Wilson,2005-12-31,IT,1960-11-13

Megan Keller,2019-06-16,Finance,1941-11-04

Jessica Mccarthy,2002-04-10,R&D,1953-08-09

Michael Thompson,2017-05-19,Engineering,1969-04-13

Jacob Parks,2016-03-07,Engineering,1944-01-07

Elizabeth Hanson,2012-06-26,IT,1918-08-18

Kevin Adams,2017-05-16,HR,1946-03-25

Scott Martin,2013-04-27,R&D,1977-07-30

James Day,2003-08-09,HR,2010-03-17

Jennifer Jacobs,2022-11-19,R&D,1946-07-11

Lauren Rios,2000-09-23,IT,2017-12-06

Crystal Carney,2014-10-13,IT,2002-08-03

Crystal Alvarado,2007-02-07,R&D,1915-12-11

Nicole Washington,2006-06-14,Finance,1966-05-05

Laura Taylor,2015-05-09,Engineering,2005-03-07

Shannon Herman,2007-12-17,Engineering,1964-08-12

Dana Holmes,1998-01-21,HR,1970-12-30

Alicia Lawrence,1997-10-11,HR,1922-10-26

Martin Hamilton,1994-09-13,IT,1933-07-16

Nancy Martinez,2005-09-02,HR,2010-11-03

Mason Brown,2013-09-25,Finance,1976-11-13

Valerie Perez,2002-01-25,Finance,1945-08-03

Matthew Walters,2006-10-10,Finance,1992-03-19

Andrea Neal,2006-09-07,R&D,1961-03-08

Brian Meadows,1995-12-23,Finance,1944-09-13

Kevin Martin,2005-04-28,Engineering,2017-05-16

Michael Richards,2021-02-13,IT,2015-09-28

Brian Wright,1995-03-16,HR,2019-09-20

Madison Jackson,2014-04-06,IT,1925-08-11

Angela Hernandez,2011-01-01,IT,1986-07-22

Jeffrey Coleman,1999-10-26,HR,2007-11-25

Ashley Sanders,2017-07-01,Engineering,1993-06-30

Brittney Bradley,2006-04-18,R&D,1961-06-21

Stacie Perkins,2021-03-17,R&D,1961-05-06

Timothy Kaiser,1999-02-17,R&D,1984-05-24

Karen Clark,2017-12-24,Finance,1927-05-24

Sonya Wilson,2011-06-22,IT,1929-12-18

Sara Conner,2004-08-17,HR,2003-07-31

Stacy Wilson,2003-11-13,IT,1954-02-27

Tiffany Adams,2008-10-31,R&D,1933-01-06

Sarah Scott,2023-07-29,R&D,1993-11-10

Anthony Warren,2019-10-07,HR,1978-06-23

Nicholas Gonzales,2006-03-03,HR,1958-10-01

Michael Allen,2006-11-29,R&D,1936-02-09

Dustin Richard,2019-10-08,Finance,1933-06-22

Joshua Johnson,2023-11-23,Engineering,1912-12-16

Brian Barton,1997-02-01,Engineering,1919-09-19

Erika Griffin,2023-05-12,Engineering,1965-02-26

Megan Ramos,2005-09-08,Engineering,1969-05-29

Jonathan Harris,2007-07-19,Engineering,2006-01-16

Angela Diaz,1996-01-25,Finance,1954-05-30

Charles Yoder,2024-01-16,Finance,1975-08-13

Mrs. Vickie Mcintosh,2009-05-12,R&D,2022-04-06

Kim Wilson,2019-08-29,Finance,1977-10-08

Sandra Johnson,2012-05-26,R&D,1965-03-10

Kelly Stephens,2011-02-17,Finance,1975-03-15

Jesse Arroyo,2014-03-07,Engineering,2019-01-16

Melissa Smith,2005-08-19,R&D,1950-05-11

Heather Jones,2019-03-16,IT,1964-04-05

Raymond Williams,2018-03-24,R&D,2018-03-18

Jennifer Pruitt,1998-02-05,Finance,2007-08-01

Joshua Turner,2019-12-26,HR,1919-06-11

Sara Thomas,2006-05-26,Engineering,1947-04-27

Tanya Park,2023-11-09,Finance,1915-12-18

Elizabeth Johnson,2016-10-26,Engineering,1923-12-21

Earl Davis,1995-05-17,R&D,1995-06-04

Kimberly Kim,2012-03-17,IT,1988-11-28

Christina Daugherty,2002-11-19,Finance,1944-09-22

Wendy West,2008-09-02,Engineering,1959-12-28

Charles Arellano,1996-04-23,Engineering,1979-03-30

Dave Bradley,2010-09-26,R&D,1953-10-12

Jessica Baker,2021-07-05,Finance,1980-08-02

Vanessa Mccarty,2018-11-13,R&D,1963-12-11

Brenda Hardin,2002-11-07,Finance,1970-12-22

Ronald Nelson,2018-07-21,R&D,1951-01-22

Richard Turner,2016-11-17,Finance,1934-10-21

Brian Cruz,2013-07-21,HR,1910-10-13

Sandra Brown,2008-08-30,HR,1939-03-16

Nathan Savage,2012-11-27,R&D,1977-06-29

Bethany Leblanc,2002-01-24,IT,1971-07-01

Kimberly Smith,2010-12-26,HR,1998-10-26

Jordan Romero,1999-08-04,HR,1992-12-14

Keith Hubbard,2021-10-23,Engineering,1977-02-21

James Hartman,2014-04-27,IT,1936-02-13

Evan Griffin,1998-07-31,R&D,1948-06-17

Andrew Logan,1994-10-15,Finance,2010-07-08

David Jackson,2022-08-13,R&D,1927-03-01

Christopher Clark,2022-09-19,IT,2019-11-03

Jeremy Garza,1994-10-22,HR,1967-01-10

Joshua Steele,2004-06-29,R&D,1980-03-22

Steven Johnson,2023-07-07,Engineering,1927-01-26

William Rangel,2014-12-19,IT,1916-11-29

Ashley Schroeder,2006-08-04,Finance,1988-09-08

Jay Peterson,1998-07-25,IT,1992-11-08

Angela Davis,2001-04-06,HR,1925-02-22

Robert Blair,2018-05-07,Engineering,2012-10-10

Luis Payne,2024-02-23,HR,1995-01-05

John Mitchell,2002-08-27,HR,1996-05-10

Katherine Maldonado,2020-04-29,IT,1930-01-23

David Dougherty,2013-02-12,R&D,1927-01-28

Anna Green,2014-11-18,IT,2004-10-12

Joe Byrd,2015-11-15,IT,2000-12-05

Debra Reed,2000-08-30,HR,1908-06-28

Carrie Garcia,2008-10-09,HR,2023-03-08

Michelle Newton,2019-07-10,HR,1987-06-14

Mary Wilson,2005-06-11,Engineering,2002-11-16

Michael Ayala,1998-09-14,Finance,2019-04-11

Nicole Fernandez,2018-07-03,Engineering,1976-04-03

Kimberly Hines,2009-06-08,Engineering,2009-03-18

Kristen Alexander,2001-02-08,IT,1923-10-16

Jeremy Martinez,2013-12-02,R&D,1987-06-14

Stephanie Morris,2014-03-26,IT,1972-04-05

Cynthia Brown,2023-09-16,IT,2012-12-01

Brett Fox,1996-09-29,R&D,1934-06-19

Jennifer Ford,2023-12-27,Engineering,1946-11-28

Nancy Lewis,2011-01-29,IT,1995-11-09

John Gomez,2022-08-21,IT,1970-11-21

Sydney Garcia,2007-09-16,HR,1975-11-22

Ronald Donaldson,2023-10-06,Finance,1962-06-14

Aaron Mendez,2009-02-02,IT,1911-09-10

Maria Smith,2009-05-07,IT,1995-07-26

Brandon Nelson,1998-01-02,Finance,1966-01-26

Sarah Thompson,2015-09-29,R&D,2011-04-16

Stephanie Diaz,2008-02-24,R&D,1950-01-12

Derrick Frey,2003-01-31,HR,1919-07-12

Emily Nelson,2023-11-06,Engineering,1981-07-03

Ryan Dean,2001-06-12,R&D,1993-05-24

Mark Hudson,2005-10-12,IT,2013-05-26

Carol Garcia,2002-10-08,R&D,2023-01-14

Allen Lewis,2023-02-23,Finance,1980-08-16

Michael Cox,1999-04-15,HR,2002-02-10

Mr. Clifford Hamilton,1995-08-09,Engineering,1955-07-04

Christopher Reid,1999-05-12,Finance,2005-02-20

Christopher Cohen,2000-03-18,Finance,1993-01-18

Randall Roach,2017-01-03,Finance,1914-03-08

Lori Brown,1997-01-29,HR,2004-08-12

Paul Smith,2014-07-16,IT,1978-06-29

Emily Stuart,2020-07-04,IT,1984-11-03

Andrea Bolton,2001-07-20,R&D,1991-02-21

Angela Carroll MD,2012-05-18,R&D,1984-10-27

Mary Lee,2000-03-27,IT,1920-06-13

Robert Jackson,2007-12-20,HR,1959-01-10

Cassandra Wilson,2023-07-14,HR,1950-04-23

Kylie Carroll,2012-08-27,R&D,1993-02-04

Maria Mccullough,2010-06-06,R&D,1991-04-10

George Nguyen,2022-03-03,HR,1930-07-31

Elizabeth Tran,2017-10-07,IT,1984-02-17

Michelle Fuller,2005-02-08,R&D,2022-12-26

Robert Becker,1998-07-24,Engineering,2003-10-04

Richard Gomez,2020-03-10,IT,1989-07-08

Beth Delgado,2009-05-26,R&D,1908-06-30

Daniel Decker,2010-12-22,Finance,1934-06-10

Rhonda Hall,1996-03-05,Finance,2020-01-29

Adam Jones,2020-08-26,R&D,2007-12-07

Amanda Parks,2011-11-29,Engineering,1984-04-06

Robert Moran,2001-10-15,Finance,1937-09-16

Ryan Bell,1996-05-05,R&D,1989-09-16

Nicole Smith,2020-05-20,Engineering,1978-08-27

Jeremy Thompson,2022-12-13,HR,1965-01-19

Nicholas Harper,2014-09-04,IT,1971-10-22

William Flynn,2007-09-21,Finance,1988-11-04

Linda Carlson,1999-04-25,R&D,1993-12-02

Cindy Hanson,2006-08-10,IT,1995-06-19

Joshua Anderson,2010-07-16,IT,1989-09-18

Meredith Brown,2003-06-10,R&D,1972-12-23

Michelle Collins,2015-02-27,Finance,1947-06-12

Nathaniel Ford,2002-03-27,Engineering,2001-03-17

Kaitlin Jordan,2015-02-28,R&D,1944-08-24

Douglas Smith,2007-10-13,Finance,2015-11-01

Sandy Allen,2015-09-09,HR,1930-10-14

Rebecca Nguyen,2021-06-13,IT,1934-02-19

Scott Johnson,2003-12-27,Finance,1956-02-24

Bridget Freeman,2022-06-25,R&D,1947-11-22

Sara Bryant,2007-02-09,R&D,1989-11-03

Dan Fox,2021-02-07,HR,1964-05-18

Kimberly Rasmussen,2009-09-22,Engineering,1911-09-02

Patricia Hicks,2016-04-05,HR,1997-07-28

Linda Curry,1999-03-25,R&D,1934-08-04

Robert White,2015-09-11,IT,2009-04-27

Anthony Shannon,2015-09-29,HR,1980-10-01

Michael Jensen,2016-12-29,Finance,1931-04-04

Rachel Jones,2002-08-27,IT,1946-05-30

Karen Gardner,2023-03-04,Finance,1939-06-07

Nicholas Allison,1997-10-23,IT,1991-08-24

Dawn Hanna,2009-07-25,IT,1929-04-06

Ashley Wagner,2007-03-19,IT,1959-10-06

Richard Johnson,2017-08-06,R&D,1978-06-15

Samuel Perkins,2008-09-28,HR,1926-04-24

Laura Brown,2010-05-08,HR,1999-03-06

Cody Barnes MD,2000-09-07,HR,2020-03-29

Elizabeth Mora,2013-02-05,R&D,1934-09-10

Jo Jordan,2005-01-22,Engineering,1920-06-24

Troy Wiley,2020-03-11,Engineering,1913-08-17

Joe Garcia,2010-08-01,IT,1998-08-29

Jasmine Harris,2009-11-26,IT,1951-05-23

Darlene Adams,1997-12-07,IT,1947-06-01

Christopher Robbins,2023-12-27,Finance,1977-10-31

Joseph Peterson,2012-09-30,HR,1998-07-16

Danielle Pearson DVM,2017-08-11,R&D,1970-03-17

Nicholas Wu,2004-05-09,HR,1908-07-17

Frederick Lawrence,1998-10-15,HR,2019-12-19

Eric Miller,2000-11-20,HR,2013-09-08

Kellie Duran,2010-03-09,Finance,2003-07-04

Susan Smith,2002-01-19,IT,1938-09-21

Jon Smith,2001-12-23,Finance,1993-09-18

Julie Mitchell,2020-02-05,R&D,1959-05-17

Jordan Robinson,1999-11-03,HR,1959-07-19

Daniel Miller,2023-03-25,Engineering,1949-03-23

Lori Dennis,2017-05-15,HR,2019-08-19

Dalton Martin,1995-08-30,HR,1983-07-22

Matthew Murphy,2014-05-24,Engineering,2000-02-16

James Serrano,2021-03-22,R&D,1954-11-15

Carly Hughes,2012-06-29,HR,2006-12-21

Devin Chen,2022-07-03,IT,1920-11-05

Jessica Allen,2010-04-12,R&D,1931-08-09

Erika Butler,2012-02-25,Engineering,1965-10-22

Richard Ortiz,2016-02-14,Engineering,2005-05-14

Steven Camacho,2007-05-21,Finance,1921-12-04

Lance Lynch,2004-08-15,Finance,1916-05-29

Lonnie Cooke,2003-02-24,Finance,1990-01-16

Jennifer Jackson,2014-05-11,R&D,2004-05-18

Shannon Williams,2001-06-13,Finance,1921-09-17

Malik Jimenez,2008-04-02,IT,1913-09-01

Vickie Patterson,2003-02-05,Engineering,1954-10-26

Lauren Alexander,1995-05-16,IT,2012-02-17

David Lopez,1994-05-07,HR,1965-05-15

Jack Thomas,2015-11-10,Engineering,1967-04-01

Cody Ramsey,1995-04-05,IT,1998-09-17

Nicholas Lucas,2008-09-21,HR,1975-10-24

Cassandra Underwood,2009-11-29,HR,1973-02-09

Veronica Martin,2020-09-14,R&D,1974-07-29

Erin Kennedy,2008-03-27,Engineering,1924-04-17

Stephen Stanton,2012-03-14,R&D,1973-01-27

Catherine Garcia,2007-02-09,Engineering,1989-02-06

David Herrera,2016-03-13,Engineering,1980-07-17

April Moreno,1996-04-20,Engineering,1984-03-05

Joshua Sandoval,2022-11-09,HR,1985-08-22

Holly Padilla,1994-09-22,IT,1986-04-09

Alexandria Hays,1996-03-17,Finance,1937-03-22

Kerri Mason,2014-05-08,HR,2015-10-15

Amanda Ramirez,2001-02-20,Engineering,1984-05-26

Daniel Henderson,2007-02-05,HR,1998-05-02

Amanda Price,2014-10-28,IT,1991-11-02

Penny Shelton,2011-11-03,IT,1943-01-21

Jerome Hall,2005-09-03,R&D,1951-06-20

Melissa Burton,1995-06-15,IT,1918-01-14

Jade Stewart,2019-10-27,HR,1937-05-25

Scott Lawrence,2000-04-22,HR,1948-08-10

Susan Conway,2022-02-20,Finance,1950-01-28

Joel Brown,1999-08-01,Engineering,1993-12-29

Crystal May,2023-12-14,R&D,2012-08-23

Jonathan George,2002-04-07,IT,2020-04-05

Jessica Morris,1994-12-11,Finance,1944-10-03

Rachael Young,2001-01-22,R&D,1962-09-24

Dakota Gross,2020-03-31,IT,2016-10-16

Jessica Smith,2011-02-23,R&D,1914-11-18

Joel Logan,2000-05-12,IT,1986-08-30

Anna Clark,2007-10-12,HR,1947-10-12

Stephen Bishop,1999-05-24,HR,1926-08-06

Jacqueline Porter,2012-01-01,HR,2021-08-28

James Mason,2001-10-10,Finance,1984-09-15

Michael Hunt,2012-04-20,HR,2014-11-24

Kelly Shields,2017-11-20,HR,1935-01-02

Margaret Wong,1995-08-30,Engineering,2008-10-17

Cynthia King,2011-11-13,R&D,1985-04-10

Maria Mendoza,2017-04-05,Finance,1964-03-12

Maria Brown,2002-07-15,R&D,2022-12-19

Terry Wolfe,2011-11-05,Finance,1912-02-09

Daniel Simon,2021-10-13,HR,1964-08-14

Jeffrey Rasmussen,2009-02-14,Engineering,1957-01-26

Amber Thomas,1996-11-06,HR,1942-02-07

Tara Santiago,1995-04-07,Engineering,1933-11-20

Christina Pennington,2006-06-19,IT,1985-10-16

Gary Dawson,1997-10-25,IT,1959-01-08

Lisa Houston,2013-05-23,IT,1989-05-23

Cynthia Lopez,2013-03-01,IT,1925-06-16

Philip Williams,2010-03-10,Engineering,2006-12-26

Lynn Burke,1996-01-26,Engineering,2018-02-10

Angela Good,2015-12-23,Finance,1992-12-25

Susan Morgan,2003-09-17,IT,1942-04-22

Jim Huff,2011-12-19,Engineering,1917-12-07

Angelica Peterson,1996-09-30,R&D,1986-09-02

Kenneth Franklin,2004-04-26,HR,2019-05-20

Carl Bradley,1999-03-07,Finance,1967-04-29

Teresa Branch,2006-02-22,IT,1970-01-11

Jennifer Ayala,1997-09-04,R&D,1918-09-09

Derrick Moore,1994-12-21,R&D,2016-12-04

Thomas Trevino,2013-12-16,Engineering,1994-08-30

George Pierce,2016-08-15,HR,1943-10-07

Robert Petty,2001-12-31,HR,1954-01-25

Michael Roberts,2018-08-06,IT,1927-09-29

John Hall,1999-02-21,Engineering,1951-11-03

Monica Walker,2002-03-06,IT,1941-02-21

Kendra Nelson,2022-04-10,Engineering,1992-12-13

James Hawkins,2018-10-06,Finance,1981-06-16

Dean Porter,2008-10-23,Finance,1994-12-31

Robert Goodman,1998-11-26,Finance,1968-03-08

Miranda Harrington,2009-11-05,HR,1995-05-25

Amanda Brandt,2022-10-10,R&D,2015-04-18

Mary Ramirez,1994-08-15,R&D,2023-04-25

Valerie Gonzales,2021-02-03,Finance,2001-12-15

Michele Martinez,2012-12-16,HR,1939-05-08

Jeffrey Smith,2003-09-05,IT,1970-03-04

Timothy Alvarez,2018-12-18,HR,1993-11-12

Roberto Schmidt,2008-11-03,IT,1926-03-11

Denise Pitts,1998-09-06,R&D,1992-07-10

Laura Pittman,1996-12-17,Finance,2018-07-24

Kristina Lee,2015-06-07,IT,1975-08-24

Laura Tapia,2010-12-31,HR,1915-02-26

Samantha Powell,2023-02-28,IT,1978-06-21

Caleb Grimes,2012-03-24,Engineering,1958-04-06

Shelly Long,2022-01-20,IT,1940-12-06

Mary Richards,2008-08-11,HR,1959-09-26

Charles Benson,2021-01-03,Finance,2018-05-11

David Barnes,1995-11-12,HR,2023-02-27

Bobby Wu,2015-12-07,HR,2001-09-24

Marissa Cole,2006-05-24,Engineering,1927-06-04

Brandon Rivera,2010-09-01,R&D,1972-11-01

Lisa Schaefer,2020-04-14,Engineering,1924-08-19

Lindsey Gonzales,2000-06-05,Engineering,1938-07-07

Lisa Valdez,2015-09-07,HR,1917-06-22

David Martin,1995-10-16,Engineering,1993-11-18

Dawn Wilson,2020-09-19,R&D,1969-01-06

Mark Mccall,2018-12-28,IT,1930-02-21

Nicole Elliott,2017-11-05,IT,1968-08-28

Jasmin Sosa,2022-12-20,Finance,1955-07-13

Cameron Conley,1996-10-30,Engineering,1944-03-16

Sarah Combs,1999-09-08,IT,1916-04-17

Johnny Peters,1996-06-15,Finance,1954-02-11

Rhonda Wise,1998-01-19,R&D,1975-05-28

Angela Faulkner,2003-11-11,IT,1998-08-11

Gina May,2004-10-07,R&D,1981-02-03

Kevin Pratt,2019-01-31,Finance,2008-05-03

Jimmy Kaiser,2016-03-04,IT,1992-12-09

Connie Owens DVM,2004-11-12,Engineering,1969-02-14

Molly Perry,2018-06-06,Finance,1963-01-25

Jeremy Hall,2016-09-11,R&D,1959-06-01

Christopher Robinson,1994-04-20,HR,1952-05-31

Darlene Benson,2009-02-09,R&D,1946-03-27

Ashlee Stephens,2002-07-16,IT,2003-10-06

Michael Sanders,2008-04-29,Engineering,1963-11-26

Adam Noble MD,2008-09-23,Finance,2003-07-11

Leslie Perez,1999-10-30,R&D,1954-12-11

Teresa Carroll,1994-05-23,HR,1923-05-20

Tara Hunt,2020-04-14,HR,1967-01-01

Chad Brown,2010-10-02,IT,2009-06-27

Joel Scott,2004-01-26,Engineering,1988-11-20

Charles Mitchell DDS,2019-12-14,Engineering,1985-12-31

Miguel Stevens,1998-02-09,Finance,2011-07-15

Christopher Moore,2007-08-12,Finance,2008-08-02

Tyrone Chan,1997-12-12,Finance,1980-10-06

John Juarez,1995-05-16,R&D,1994-05-26

Kelly Owen,2010-02-16,HR,2012-08-18

Jordan Gillespie,2003-08-18,IT,1921-09-13

Molly Murray,1995-05-12,R&D,1923-06-09

Kelly Garrett,1997-04-03,Engineering,1983-04-09

Patricia Kramer,2003-08-12,HR,1985-12-12

Katie Vasquez,2008-05-23,IT,1978-05-16

Natasha Rodriguez,2000-06-13,Engineering,1950-02-20

Adam Hoffman,2003-10-23,R&D,1991-12-10

April Carney,2022-06-15,IT,2018-03-24

Kayla Green,2014-08-07,Engineering,1921-10-09

Brenda Myers,1997-09-15,Engineering,2017-10-05

Michael Lopez,2020-05-11,Finance,2019-08-21

Raymond Rodriguez,2001-06-27,HR,1914-07-29

Patricia Parks,2005-08-15,Engineering,1988-02-28

Joanne Willis,1999-05-18,Finance,1932-03-27

Zachary Cabrera,2006-05-10,R&D,1996-12-13

Todd Mosley,2023-07-16,Finance,1971-03-03

Arthur Bean,2018-05-20,HR,2002-12-07

David Johnson,2013-07-21,HR,1910-10-07

Jeremy Bryant,1998-07-05,HR,2021-11-16

Bradley Blevins,1994-12-11,Finance,2022-09-07

Abigail Larsen,2003-06-08,HR,1910-12-31

Suzanne Edwards,2017-05-22,R&D,1962-07-17

Ryan Petersen,2016-01-22,Engineering,1992-11-01

Jennifer Burton,2002-03-11,R&D,2021-04-26

Dustin Gutierrez,2001-11-12,HR,1950-05-10

Holly Riddle,2012-01-14,IT,1963-05-17

Sue Hernandez,2020-08-12,R&D,1920-12-31

Thomas Howard,1999-07-14,HR,1967-07-06

Chelsea Brock,2009-10-20,R&D,2017-02-03

Catherine Nguyen,1996-08-08,Engineering,1983-07-05

Sarah Garcia,2021-10-21,R&D,1975-08-04

Jade Rodriguez,2023-06-30,R&D,1987-05-17

Clifford Ponce,2014-02-11,R&D,1966-12-22

Kevin Johnson,2004-02-16,Engineering,1981-02-17

Angela Mahoney,2017-05-21,R&D,1924-01-05

Troy Rodriguez,2006-09-29,Finance,1968-09-04

David Cochran,1997-03-01,R&D,2019-09-03

Angela Stone,2013-08-15,Engineering,1964-12-31

Kelsey Finley,2001-10-31,IT,1993-08-15

Kelly Kim,2013-01-13,Finance,1909-06-18

Brenda Roberts,2010-07-11,Engineering,1997-03-04

Samuel Saunders,2004-11-26,IT,1984-11-23

Karen Clark,1995-11-03,HR,1948-01-31

Kirk Sanchez,1995-07-11,IT,1997-05-01

Julia Hoffman,2015-04-04,HR,1970-02-08

Yvonne English,2017-10-05,R&D,1949-02-27

Ricardo Nichols,2023-10-03,IT,2021-09-26

Kristen Martinez,2004-02-04,Engineering,1935-03-25

Eugene Jones,2014-09-12,IT,1994-02-20

Emily Flowers,2010-08-15,IT,1920-09-10

Sarah Charles,1995-03-24,HR,1910-02-12

Peter Hoover,2008-12-20,Engineering,1928-10-24

Thomas Cowan,2013-09-16,IT,2017-01-21

James Whitehead,2016-10-01,IT,1985-05-12

Sandra Morris,1996-05-12,IT,1944-08-14

Shannon Burke,2014-12-23,R&D,1926-04-30

Steven Bailey,2011-05-27,HR,1947-07-16

Mark Nichols,2016-07-12,IT,1946-06-25

Mark Romero,2002-09-26,Engineering,1964-06-07

Lisa Beasley,1994-04-08,R&D,2020-07-07

Lisa Nichols,2023-08-10,Finance,1983-10-16

Dustin Stafford,1999-10-16,Engineering,1916-06-15

Melissa Garcia,2000-06-02,HR,1931-12-06

Denise Williams,2000-08-13,Engineering,2018-10-03

Brandon Simmons,2019-08-31,HR,1969-12-07

Gregory Rollins,2018-12-10,Finance,1941-01-04

Arthur Harris,2007-03-01,HR,1928-11-07

Erik Thompson,1997-05-02,HR,1994-03-10

Amy Leblanc,2013-10-06,HR,1935-03-06

Alejandra Oliver,2015-08-30,R&D,1941-05-13

Andrea Jordan,2010-12-15,IT,1963-07-25

Angela Gonzalez,1997-09-15,HR,1948-06-11

Dr. Kara Harris,2012-09-13,IT,1998-09-22

Anthony George,2022-01-09,Finance,1989-07-25

Adam Mendez,2010-01-02,Finance,1944-09-20

John Whitehead,2000-12-17,HR,1909-12-23

Robert Alexander,1994-04-11,IT,1970-05-16

James Mckee,2010-06-17,Engineering,1923-12-24

Sara Morgan,2002-06-26,R&D,1911-01-16

Amy Castaneda,2018-12-10,HR,1983-02-13

Leslie Scott,2023-04-22,IT,1994-03-04

Amanda Schneider,2019-08-12,Finance,1939-07-19

Lauren Scott,1997-09-01,Finance,1927-08-13

Mark Mooney,2023-09-07,Engineering,2016-05-17

Diana Duran,2022-08-08,Engineering,1987-09-30

Heather Wheeler,2013-10-22,IT,2005-03-13

Steven Carter,2011-10-24,Engineering,1929-05-03

Megan Hahn,2003-03-31,Engineering,1963-07-12

James Martinez,2013-06-12,HR,1954-12-06

Robert Ballard,2012-01-17,IT,1962-04-26

Christopher Reed,2015-12-30,IT,1997-09-21

Erin Mueller,2001-02-03,R&D,1956-10-31

Tara Gonzalez PhD,1994-06-13,Finance,1986-05-30

Sharon Wilson,2002-07-23,HR,1980-08-15

Brandon Erickson,2008-12-19,Engineering,1978-02-26

Christina Morgan,2004-11-13,HR,1988-01-08

Whitney Fernandez,2011-09-04,IT,1988-04-10

Stephanie Fleming,2015-12-29,R&D,1965-05-17

Wanda Ruiz,2017-08-16,Finance,1987-04-07

Krista Pope,2011-11-30,IT,1913-07-02

Sarah Oliver,2019-03-14,IT,1980-10-04

Jennifer Carpenter,2022-08-13,R&D,1958-10-30

Kevin Barnett,2013-09-04,HR,2013-01-05

Jessica Salas,2013-11-25,IT,1938-06-13

Amanda George,2017-09-12,Finance,1988-05-21

Faith Gomez,2006-12-26,Finance,1982-10-15

Jeffrey Banks,2019-08-08,Finance,1981-07-31

Dr. Michaela Coleman MD,2014-10-01,HR,1970-04-04

Thomas Adkins,2002-09-09,Finance,1917-02-25

Richard Orr,2014-07-25,HR,2013-05-25

William Porter,1997-06-14,R&D,1980-07-01

Jaime Baker,2018-03-16,Engineering,1937-07-10

David Thomas,2007-07-24,Engineering,1949-12-14

Katrina Gonzalez,2019-06-02,R&D,2015-04-27

Mrs. Lisa Campbell,2001-08-27,HR,1967-06-21

Patricia Miller,2014-05-10,HR,1937-12-08

Chad Garcia,2012-03-17,R&D,1965-05-27

Zachary Obrien,1996-10-26,R&D,1974-02-04

Joseph Taylor,2018-02-06,R&D,2002-02-02

Rodney Gregory,2023-01-05,HR,1958-12-30

Tammy Martinez,2001-05-13,Finance,1960-11-05

Juan Spencer,2021-05-30,HR,1926-01-02

Christina Williams,2003-03-13,Finance,1970-04-03

Nicholas Carey,1998-06-02,Engineering,1996-07-31

Randall Palmer,1994-03-05,R&D,1921-10-28

Melissa Johnson,2009-06-06,IT,2006-10-27

Stephanie Garcia,1996-11-18,Finance,1923-03-25

Jon Wallace,2005-02-17,IT,2021-10-09

Jill Mckay,2021-11-22,IT,1950-01-22

Jennifer Camacho,1999-06-13,Finance,1989-11-22

Nathan Blanchard,2023-01-08,HR,1940-09-05

Taylor Ramirez,2014-09-24,IT,1942-08-21

Brian Douglas,2015-09-02,Finance,1926-02-03

Ronald Morales,2022-04-01,R&D,1983-08-21

Kara Mcintosh,2020-01-06,IT,1948-01-20

Mark Cain,1995-12-26,Engineering,1946-08-24

Jordan Ross,2012-03-03,Finance,1974-12-29

Robert Perkins,2008-05-10,Engineering,2008-01-13

Tina Farley,2011-09-10,Engineering,1968-01-02

Brandon Smith,2004-08-25,Finance,1961-09-21

Mary Brooks,2005-08-22,IT,1951-09-28

Dylan Mueller,2009-06-30,R&D,1967-05-18

Phyllis Simmons,2016-10-05,HR,1990-02-26

Emily Martinez,2011-04-09,HR,1925-05-18

Corey Jackson,1996-02-18,IT,1953-01-24

Terry Calhoun,2020-04-05,Finance,1985-12-26

Cameron Walker,2016-02-17,R&D,1913-07-22

Eric Soto,1998-08-17,R&D,1987-09-17

Ryan Roman,2008-01-26,HR,1954-10-08

Sherri Bennett,2011-08-12,IT,1922-09-14

Noah Holland,2017-01-12,R&D,1999-03-27

William Brown,2007-01-31,IT,1929-08-18

Mary Green,2004-02-16,Finance,1993-05-12

Luis Santos,2014-12-15,R&D,1931-12-22

Andrew Sherman,2005-05-24,Finance,1948-01-03

Judy Davis,2008-06-06,R&D,1989-03-31

Monica Nelson,2009-09-22,IT,1956-08-05

Mary Smith,2011-10-13,HR,1979-11-17

Robert Richmond,2013-06-01,R&D,1958-01-29

Rachel Martinez,1998-12-06,Engineering,1964-04-23

Luis Adams,2008-01-26,R&D,1983-11-24

Rebecca Nelson,2013-07-01,HR,1950-04-30

Regina Murray,2012-12-08,R&D,1966-01-04

Eric Brown,2013-07-27,HR,1990-05-21

Melanie Richardson,2013-05-09,R&D,1922-07-23

Susan Johnson,2015-11-24,R&D,1974-07-07

Mr. Donald Jordan DDS,2011-06-13,Engineering,1917-12-08

Michael Peters,2008-08-15,Engineering,2005-09-15

Andrew Salas,2010-09-21,HR,1918-05-11

William Schneider,2008-09-04,HR,1949-12-12

William Soto,2000-07-20,Finance,1962-10-09

Randy Morgan,2006-04-08,IT,1965-04-24

Travis Hubbard DVM,1994-03-19,R&D,1971-06-06

Lori Evans,1995-12-19,Finance,1972-12-29

Ryan Ford,2008-10-07,IT,2005-08-11

Rebecca Campbell,2010-09-02,Engineering,1988-01-30

Amy Jenkins,2019-09-25,Engineering,1967-02-15

Barbara Long,2008-05-13,IT,1936-02-08

Monique Cohen,2023-08-01,IT,1992-12-25

Christina Williams,2022-10-30,Engineering,1948-07-15

Elizabeth Ferguson,2011-06-20,Engineering,2006-08-15

Kylie Campbell,2023-03-04,Engineering,1927-02-08

Sheri Mcdonald,1995-10-09,Engineering,1964-06-22

Julie Pratt,1995-01-20,Engineering,1985-06-16

Keith Hansen,2021-07-28,Finance,1910-05-27

Austin Anderson,1995-12-02,HR,1952-12-02

Anthony Quinn,2022-03-27,Finance,1967-07-08

Michael Hawkins,2015-12-24,Engineering,1923-03-10

Michael Howell,1998-11-29,R&D,1923-01-21

James Jacobson,1998-01-21,HR,2022-07-08

Julie Clark,2005-02-24,HR,1980-05-22

Andrew Lee,2005-07-17,HR,1957-02-25

Elizabeth Perkins,2015-02-14,HR,1952-08-16

Alexander Perkins,2000-07-25,IT,1910-01-29

Chad Serrano,2013-01-26,R&D,2000-09-03

Jane Brady,1997-10-29,R&D,2018-01-12

Linda White,2021-02-20,IT,2023-08-22

Susan Reid,2005-04-22,Finance,1911-08-21

Thomas Brown,2016-07-12,HR,1980-02-26

Matthew Rodriguez,2003-08-18,IT,2014-10-08

Michael Cantu,2009-06-10,Finance,2010-09-23

Brian Williams,2022-08-03,R&D,1916-03-20

Bonnie Patton,1997-04-09,Engineering,1966-02-05

Jessica Baker,1999-07-10,Engineering,1946-05-27

Tracey Smith,2004-05-13,R&D,2009-08-25

Dr. Wayne Wagner DDS,2010-12-28,IT,1983-02-09

Anthony Taylor,2013-02-10,IT,1929-01-18

Isaiah Burton,2002-12-24,IT,1929-05-02

Mitchell Estrada,1996-12-27,HR,1996-08-21

Jessica Webb,2004-10-25,R&D,1998-08-11

Toni Castillo,2020-09-21,R&D,2022-07-02

Nicholas Johnson,2016-04-30,HR,1953-10-21

Jessica Bernard,2021-12-18,R&D,1977-05-10

Sherry Tapia,2012-02-08,R&D,2003-12-31

Tammy Armstrong,2018-08-24,Engineering,1913-05-16

Jasmine Peterson,2008-12-22,Engineering,2011-09-29

Anita Atkinson,2011-06-13,R&D,1927-12-18

Patrick Bryant DVM,1999-12-05,IT,2011-03-03

Diana Cherry,2009-10-19,Engineering,1970-04-01

Adam Alexander,2007-02-08,Finance,2001-10-23

Sarah Hester,2023-07-02,HR,1990-05-02

Justin Cantrell,2017-04-16,Finance,1922-10-08

William Ellis,2023-11-30,HR,1969-11-16

Joshua Dennis,2006-06-28,R&D,1997-12-05

Melissa Robinson,2019-03-07,Finance,2015-05-10

Kathleen Welch,2003-08-05,Engineering,1998-09-21

Jeffrey Blair,1996-03-25,Engineering,1919-10-03

Kimberly Roberts,2001-09-26,Finance,1973-08-06

Lori Davis,1995-06-11,IT,1919-03-01

Carol Jones,2016-03-27,Engineering,1962-06-23

Pamela Hernandez,1996-12-28,R&D,1967-12-19

Rachel Anderson,2012-08-09,IT,1932-06-11

George Hoffman,2018-06-25,HR,1958-06-13

Anne Simmons,2007-12-26,Finance,2003-05-10

Christopher Guerra,2017-07-08,IT,1915-05-21

Amber Hernandez,2007-05-29,Finance,2001-01-05

Martin Barnett,2022-04-05,Engineering,1930-03-11

Rebecca Williams,2003-08-10,R&D,2005-12-20

Ricky Wilson,2009-08-27,R&D,1959-05-20

Sarah Abbott,2015-07-09,IT,2005-04-17

Alexander Anderson,2007-09-24,HR,2009-10-19

Mary Allen,1995-12-28,Finance,1909-02-26

Bradley Henderson,2009-12-01,Finance,2005-06-05

Charles Saunders,2017-09-12,HR,2012-01-23

Kelly Garrison,2002-11-23,Engineering,1917-09-28

Sarah Gonzales,1998-05-17,R&D,1943-05-22

Lisa Soto,2000-07-08,R&D,2013-09-20

Brittany Fowler,1995-04-20,HR,1990-08-04

Michael Richardson,2002-04-19,Finance,1926-01-23

Jack Young,1996-06-24,R&D,1983-02-08

Jessica Riley,2010-12-18,Finance,2000-01-03

Rhonda Rogers,2010-03-16,Engineering,2015-01-02

Yolanda Torres,2023-09-07,R&D,1960-04-18

Mary Stanton,1998-10-11,R&D,1989-07-20

Kaylee Rodriguez,2000-02-06,Engineering,1941-09-21

Melissa Roberts,1999-03-07,R&D,1993-05-08

Zachary Shepherd,2014-07-25,Engineering,1922-03-08

David Graham,2001-08-25,R&D,2008-06-03

Matthew Morton,2012-01-02,R&D,1972-01-30

Kimberly Dalton,2018-08-18,R&D,1956-04-17

Derrick Jackson,2013-04-14,Finance,2023-12-04

Jose Howard,2007-07-17,HR,1970-09-03

Hannah Ewing,2001-03-31,Finance,2001-01-24

Jeff Lloyd,2020-01-09,R&D,1958-10-04

Mr. Nathan Salazar,2020-08-04,HR,1949-05-08

Roy Evans,2000-01-29,R&D,1931-10-12

Kayla Ross,2017-10-29,HR,1971-12-24

Steven Garrison,1995-06-09,Engineering,2009-06-30

Joshua Rivera,2001-11-29,IT,1990-10-31

Joshua Giles,2000-02-25,IT,1992-03-21

Christopher Barrett,2013-11-07,IT,2000-04-18

Christopher Gibbs,2001-06-25,Engineering,1996-06-24

Ashley Bray,2020-02-04,R&D,2013-11-09

Brett Hernandez,2009-08-27,R&D,2018-06-17

Christopher Rivera,2001-07-12,Finance,1919-08-13

Andrew Mora,2005-11-17,IT,1921-04-28

Christian York,2021-05-22,Engineering,2010-11-04

Jeffrey Brown,2007-04-25,R&D,2005-08-09

Paula Clark,2007-02-16,IT,1987-11-05

Kevin Stephens,2000-08-02,R&D,1981-02-10

Rebecca Richards,2016-03-17,R&D,1948-08-13

Sean Randolph,2002-03-27,IT,1931-02-12

Anthony Mills,2022-11-14,R&D,1944-05-08

Levi Graves,1999-05-28,Finance,1993-10-18

Michael Nelson,2000-06-12,R&D,1954-10-16

Holly Osborn,2001-12-13,HR,1920-05-23

Alicia Rice,1995-01-16,Engineering,2011-04-27

John Johnson,2022-07-01,HR,1973-02-20

Allen Odom,2004-07-13,R&D,1911-06-07

Marissa Schmidt,2010-01-06,HR,1950-06-08

Nathan Larson,2005-11-20,IT,1984-10-09

Alexander Davis,2020-05-24,HR,1928-11-23

Michael Riddle,1996-08-12,R&D,1946-09-05

Michael Dodson,2000-12-02,Finance,2013-07-09

Michael Snyder,2021-06-15,R&D,1953-09-26

Daniel Hamilton,2000-11-15,R&D,1940-10-24

Patrick Dean,1995-12-16,HR,1996-06-23

Ronald Allen,2017-04-08,Finance,1964-04-23

Angela Cummings,2017-04-01,R&D,1976-02-09

Denise Martin,2001-04-24,IT,2000-05-05

Anne Smith,2021-07-25,HR,1950-09-25

Jacob Weaver,1996-08-08,Engineering,1971-03-19

Daisy Gray,2011-09-03,HR,1972-07-18

Deborah Trevino,2022-09-04,Finance,1949-04-26

Matthew Berry,2023-12-26,HR,1989-04-15

Cory White,2006-09-10,IT,1967-02-09

Lauren Peterson,2009-06-05,Finance,1933-03-20

Jessica Fox,2010-09-24,R&D,1949-07-22

Danielle Washington,1996-08-17,Engineering,1928-09-28

Steven Kennedy,2022-09-05,IT,1936-02-12

Gabrielle Brooks,2011-11-30,R&D,1930-08-24

Elizabeth Williams,1998-03-19,Finance,1952-05-02

Elizabeth Smith,2001-03-15,IT,2008-05-11

Leslie Rodriguez,2016-09-17,Engineering,1931-10-09

Angela Johnson,2009-10-25,IT,2016-07-27

Robert Wheeler,1995-02-15,Finance,1948-04-12

Chloe Gonzalez,2006-07-25,Finance,1951-01-08

Evelyn White,2022-05-31,Engineering,1997-01-23

Kelly Garcia,2012-12-24,Finance,2019-02-14

Lisa Delgado,2014-11-08,IT,1954-05-27

Jamie Hale,1995-03-30,R&D,1952-05-30

Dawn Martinez,2002-10-23,Finance,1994-12-23

Nicole Sampson,1996-11-26,IT,1914-12-26

Sue Oconnor,2014-05-07,HR,1995-03-04

William Parsons,2020-07-01,HR,2019-06-23

Sheila Brown,1995-03-12,IT,1940-01-09

Jay Howell,2010-04-17,Finance,1955-06-06

Destiny Pearson MD,1996-11-06,IT,2012-04-16

Alexandra Tanner,2012-03-16,IT,1944-04-10

Cynthia Cole,1996-10-02,Finance,1971-10-05

Angel Brown,1995-02-05,HR,1966-10-09

Ann White,1999-07-11,Engineering,2004-06-02

Kelsey Lin,2019-08-30,Finance,1952-01-12

Richard Barron,2012-10-17,R&D,1939-04-29

Kimberly Miller,2010-12-16,IT,1921-07-23

Stephen Wong,2003-04-06,HR,2010-04-14

Jacob Davis,2017-10-18,IT,1993-02-26

Lauren Clark,1995-05-10,Finance,1978-02-03

George Cox,2006-01-18,IT,1931-06-07

Timothy Clay,2023-12-02,Finance,1974-05-12

